,0,1,2,3,4,5,6,7,8,9,10,11,12,13,14,15,16,17,18,19,20,21,22,23,24,25,26,27,28,29,30,31,32,33,34,35,36,37,38,39,40,41,42,43,44,45,46,47,48,49,50,51,52,53,54,55,56,57,58,59,60,61,62,63
25,-0.041864917,-0.007104882,0.308959,0.13348633,-0.22783452,-0.21856971,-0.05399101,0.08077762,0.097066395,0.093442395,0.35357553,0.1049792,0.27865672,-0.02313684,-0.16703498,0.14862262,-0.17002398,0.012002625,-0.35627967,-0.013949684,0.26938367,0.1406469,0.38753524,-0.1399134,0.1614626,0.20583051,-0.145133,0.028085839,-0.18980044,-0.12636177,-0.24357624,-0.18406382,-0.2305365,-0.2514882,0.13905944,0.12762535,0.032917935,0.05406404,0.4780315,0.014260272,-0.10964917,0.29241887,-0.17320085,-0.2158616,0.03355291,0.03970353,0.08998676,0.15332845,-0.07929093,-0.16168387,0.13946243,0.0833824,0.013950346,0.0664893,0.080840245,0.049904954,0.24374828,0.121653825,-0.13491632,0.089860074,-0.07438505,-0.24794036,-0.030038929,-0.080932364
7,-0.057325087,-0.01045033,0.16139543,0.23852496,-0.048609257,0.059378143,0.21876168,0.71379584,-0.2532011,-0.15937187,0.3905766,0.1657875,-0.008937367,-0.16902363,-0.04390402,-0.5362548,-0.02564277,0.14195219,0.2176735,0.07006195,-0.06731074,-0.2705054,0.3064657,-0.0744175,-0.09533719,0.28412786,0.13842374,0.0711831,0.22609265,-0.15144627,0.37148592,0.21265751,-0.41316783,-0.44134244,0.16870245,0.36473724,-0.43711132,0.18383406,0.42964512,-0.06790955,0.25001934,0.11556303,-0.035073843,0.06128532,-0.13399456,-0.22393478,0.0055389693,-0.16519615,-0.12048892,0.4369748,0.62457466,0.004347381,0.34357277,0.39364547,0.29297858,-0.059920803,-0.24608845,-0.44241437,0.4255738,-0.23762867,0.5753192,0.21661454,0.0042515877,0.38289794
1,-0.021915993,0.0017354904,0.42726874,0.08186601,-0.28841946,-0.30778012,-0.13372345,-0.14712183,0.093519695,0.0034453042,0.6210182,-0.108903155,0.2980054,-0.15762645,-0.123463325,0.15188923,-0.38733354,-0.12541434,-0.21216403,0.1452893,0.22278991,0.25441638,0.30142474,0.09433821,0.10316959,0.29124162,-0.08592373,0.053601358,-0.21850044,0.11640822,-0.17686771,-0.15630405,-0.31970963,-0.12959276,0.050196372,0.025495294,0.17192297,-0.00052447285,0.33223435,0.043264017,-0.061053075,0.29048145,-0.08796155,-0.26337215,0.013687081,-0.0432218,0.1027934,0.058381904,0.043760754,-0.17529082,0.13748032,-0.025933716,-0.20485361,0.0913951,1.9093412e-05,0.025157493,0.24175763,-0.032998722,-0.16044003,0.06720774,0.01224167,-0.19917542,0.013780207,-0.06889538
34,0.16333582,-0.2318339,0.3219731,0.20794415,0.1491173,0.0020396279,-0.18237577,0.12818937,0.06685141,0.019019978,0.17644557,-0.054225735,0.38046083,0.06794914,-0.11374949,-0.05302908,-0.2838096,0.19926347,-0.17500813,-0.007329056,0.14626661,0.17412269,0.24892385,-0.2743417,-0.13005355,0.43276224,-0.18754253,-0.096534826,-0.13801603,-0.19716592,-0.107609026,-0.16961113,-0.17736632,-0.29754198,0.31297764,0.17536297,0.051202595,0.19003046,0.414489,0.03648073,-0.11022696,0.090841524,-0.26099855,-0.022864457,0.16119252,-0.03385006,0.1263099,-0.22972162,-0.2051585,0.116980016,0.20265931,0.10127911,0.11117173,0.14358164,0.047543917,-0.008934545,0.16313206,-0.012279423,-0.11001371,0.04173785,0.036277514,-0.41115546,-0.118171945,-0.021343136
18,-0.23179871,-0.023468876,0.043644752,0.03579864,-0.33442888,-0.15600966,0.29037714,0.009568283,-0.44531286,-0.110741876,0.5452517,0.4267823,-0.29486293,-0.013112148,0.10096563,-0.42867914,-0.048930652,0.17275749,0.09691161,-0.014446854,0.11920015,-0.39530718,0.1547069,-0.18679202,0.21194056,0.07529638,0.018801715,-0.028954022,0.13877666,-0.45021498,-0.0023203646,-0.2308624,0.0680007,-0.12792069,0.04134506,0.43240637,-0.19764012,0.0013263709,0.0024686025,-0.22749045,0.44651377,0.4872824,-0.35620114,-0.04431345,-0.098191686,-0.22959107,-0.28961805,-0.3806509,0.067529894,-0.15323173,0.66979766,0.13286218,0.25586453,0.09769578,0.4003234,-0.31738412,-0.23045906,-0.4282847,0.33338222,-0.10017912,0.4458364,-0.106960416,-0.11515507,0.32554287
15,-0.13804734,-0.20514579,0.1578395,-0.0009147519,-0.16676822,-0.32139477,0.0648299,-0.07387846,-0.14011605,-0.006278129,0.24835064,0.082604334,0.032435905,0.071567796,-0.05958575,0.09101487,-0.14941254,0.091223955,-0.14694203,0.054716155,0.30864483,0.15715799,0.19726942,-0.009667937,0.1818354,0.09964892,-0.21935295,0.01202534,-0.12450257,-0.08058482,-0.16627914,-0.21938424,-0.26952597,-0.24449769,0.097270146,0.19179367,0.211557,0.15776081,0.48167455,-0.052039176,-0.0016584272,0.28491107,-0.038729142,-0.1687057,0.28716412,-0.02487043,0.06535448,0.13052459,0.18132007,-0.23027207,-0.14139304,0.08360371,-0.023699436,0.0333138,0.13417329,0.026582116,0.04205138,0.25113982,-0.13736384,0.13494076,-0.059810016,-0.290384,-0.18948829,-0.048571028
30,-0.16977511,-0.032030717,0.3709608,0.32406166,-0.26665863,-0.37622455,-0.20420884,0.18704239,0.13696572,0.057301056,0.5259252,-0.16404471,0.2832207,-0.21852425,-0.28881672,0.1148738,-0.25972044,0.03779312,-0.35469514,0.13515799,0.29859495,0.18024981,0.37867033,-0.0414128,0.11413145,0.12953877,-0.0709098,-0.08696339,-0.17832059,0.21590917,-0.14340429,-0.07409382,-0.41347697,-0.16695954,0.26881722,0.014897837,0.15793754,-0.0011252352,0.37419194,0.09788204,-0.024416592,0.10785231,-0.11894437,-0.16357851,0.058894504,-0.16172116,0.041864432,0.13924998,0.029760988,-0.038996655,0.15604615,-0.1844458,-0.013779215,0.30959028,0.17044953,-0.047654588,0.21389623,-0.003972858,-0.26678148,0.24891925,-0.028664635,-0.32152307,0.08783788,-0.37236845
11,-0.07895927,-0.32780835,0.28214797,0.14742856,-0.06459164,-0.48411655,-0.04915992,0.030322436,-0.23325668,-0.31574643,0.1431458,-0.0544247,0.1699592,0.00686267,-0.032052483,-0.0039405683,-0.11566956,0.15984005,0.090770446,0.108116314,0.11476634,0.3844544,0.071503006,0.024512762,0.105473705,0.25535074,-0.29422107,0.10188061,-0.17449163,0.027872471,-0.15735033,-0.26733318,-0.18306449,-0.45126468,0.24892227,0.05401643,0.106739394,0.042954896,0.49778578,-0.19747454,-0.1972984,-0.0058184383,0.023769844,-0.117413886,0.41855276,0.07158168,-0.017935818,-0.08128059,0.2524642,0.08146174,-0.13738887,0.22020602,-0.2926594,0.2170654,0.20490034,-0.12151599,-0.31101507,-0.013025623,0.06293961,0.103769764,-0.23956944,-0.29368305,-0.3502426,-0.20081855
29,-0.42245567,-0.11545494,0.06806408,-0.07563782,-0.38690346,-0.23490591,0.21506229,-0.021675317,-0.418829,-0.0716848,0.6866982,0.44425133,-0.38513854,0.085123345,0.037232112,-0.45443565,-0.18301898,0.19962554,0.04730136,-0.0311498,0.052958872,-0.37701187,0.109066844,-0.043113787,0.21690872,0.10711955,-0.003890285,0.0013766132,0.13130184,-0.3440219,-0.12009587,-0.32469168,0.19890594,-0.036619466,0.1626318,0.35266334,-0.2498278,-0.202939,-0.06543614,-0.2736436,0.36495042,0.43890682,-0.43321532,0.061084174,-0.11366934,-0.28082362,-0.18796378,-0.3583863,0.0838569,-0.061193667,0.6215101,-0.0016862813,0.18168436,-0.02477783,0.3198067,-0.23616283,-0.21727727,-0.61236316,0.34982648,-0.020075133,0.37478644,-0.04524566,-0.27569407,0.24490453
12,-0.24627037,-0.014971958,0.13542521,0.17792188,-0.25888097,-0.3367354,0.122052655,-0.06426157,0.03647688,-0.11946279,0.24155901,-0.015100511,0.17387144,0.21724701,-0.045631252,0.2939224,-0.430806,-0.0570836,-0.12504625,-0.0699363,0.12385445,0.20251234,0.45222703,0.11123743,0.20399173,0.3054369,-0.2056187,-0.047342144,-0.28560153,-0.060812037,-0.17574057,-0.08978691,-0.24024153,-0.17863357,0.11165049,0.16984586,0.28227785,0.1708141,0.31603494,-0.17936763,0.049838297,0.16345052,-0.053785205,-0.23015608,-0.012750698,-0.083866335,0.19571285,0.10683461,0.04308755,0.046695784,-0.058065526,-0.0066364286,-0.09833708,0.105329365,0.18522996,0.36313233,0.45991334,-0.15115951,-0.3101415,-0.038509544,-0.08603464,-0.2471093,-0.29033992,-0.13236882
14,-0.032113984,-0.19701746,0.069490016,0.0725022,-0.0067572906,-0.12995043,-0.11204101,0.04037759,0.0618938,-0.069439515,0.23422322,-0.20465428,0.20003752,0.12468914,-0.18675736,0.08625898,-0.34263456,0.021764776,-0.090884194,-0.09372471,0.12225838,0.18038782,0.32120892,0.122447826,-0.032024473,0.3728363,-0.14856207,-0.14793892,-0.2012001,-0.037410256,-0.15877548,-0.1566126,-0.37157246,-0.3021865,0.06847246,0.17279834,0.2222231,0.17302361,0.43349484,-0.13260728,-0.06380995,0.068511344,-0.13123536,-0.20346639,0.19414449,-0.03788951,0.053853538,-0.07636609,0.028261894,0.05024093,-0.079714574,-0.044126097,-0.070468985,0.17596175,0.13163546,0.14930943,0.14662482,-0.10579229,-0.17259881,0.08548457,-0.023166617,-0.10606289,-0.19306608,-0.04388539
36,-0.5961392,-0.4196746,0.7686955,-0.06666815,-0.3114137,-0.991749,-0.34189498,0.1809837,0.26913187,-0.52228796,0.41375297,0.31142393,0.4236768,0.06579028,-0.42701292,-0.7839519,-0.21998855,0.64053833,0.011095213,-0.62426496,-0.3401511,0.25049317,-0.16441953,0.22418106,-0.22391526,0.8581514,-0.74976087,0.30445397,-0.48468852,-0.6470696,-0.42613307,-0.42526725,-0.22810632,-0.42736393,-0.19644038,0.2575796,0.7265328,-0.13961974,-0.010669954,-0.08630487,0.4580061,0.06444285,-0.86707,-0.50261784,1.0889097,-0.027418943,-0.4345583,0.084268555,0.9807875,-0.49750707,-0.32137167,0.646617,-0.9689036,0.4694433,0.50784427,0.334515,0.2679927,-0.3079797,-0.33159578,1.1363958,-0.18271403,0.25855383,-1.0668441,0.20533194
21,-0.083446994,-0.105623685,0.17058074,0.09209831,-0.19710134,-0.21054555,0.07190207,-0.15281992,0.10116085,-0.10402109,0.121914625,-0.15323843,-0.09454722,0.11461998,-0.18392538,0.26256925,-0.21763828,-0.18001853,-0.12011313,0.021217063,0.17125928,0.13074666,0.44419023,0.10340037,0.09984731,0.27198076,-0.07953071,-0.003096899,-0.1465145,-0.21513791,-0.06542245,-0.21343315,-0.61114246,-0.21050945,-0.10373006,0.24212354,0.35928464,0.23904142,0.5099726,-0.014615454,0.03769279,0.20909189,-0.008508057,-0.44602928,0.24091244,-0.05622899,0.20306443,0.08826873,-0.012408964,-0.20287132,-0.21354909,-0.046383165,-0.16255094,0.27446622,0.21280058,0.15330084,0.25710645,0.022804117,-0.31236377,0.140186,-0.014471098,-0.16639225,-0.06833758,0.07649383
32,-0.24447174,0.08190832,0.08435675,0.08087043,-0.21771644,-0.008379335,0.21921983,0.001078436,-0.3800399,-0.043311026,0.63086385,0.37487787,-0.19490604,-0.18086718,0.021435471,-0.52670616,-0.12251144,0.14171828,0.20741679,0.08026581,0.07045378,-0.4711622,0.14299646,-0.014555157,0.09625695,0.047812723,0.008416339,-0.10638904,0.021866675,-0.36362275,0.22169636,-0.055150744,-0.22862169,-0.23196636,0.07451496,0.5298507,-0.37456155,0.060062848,0.06026234,0.0012663634,0.58348453,0.5232852,-0.34351182,-0.16359368,-0.07183095,-0.29537532,-0.31895295,-0.14731398,0.1498261,-0.16517228,0.6011874,0.15082149,0.42059344,0.029150851,0.32058343,-0.24568215,-0.32393393,-0.1873769,0.4015284,0.0048863515,0.58286494,0.114983425,0.092072606,0.5853356
28,-0.05522269,-0.1924334,0.17455684,-0.17831838,-0.22714333,-0.4033351,-0.21227501,-0.11446423,0.13676432,-0.16034043,0.2533904,0.018971192,0.37487477,-0.065379046,-0.23935461,0.15473194,-0.23435704,0.11275847,-0.008061274,0.11921945,0.09957711,0.026223479,0.334793,0.09167614,0.07810353,0.2290273,-0.13053873,-0.35959828,-0.038115326,-0.15035424,-0.08922265,0.02817677,-0.48102793,-0.067084886,0.15576383,0.2605928,0.4049289,0.10098441,0.31138992,0.2138641,0.27241775,0.12710951,0.04375309,-0.0059607513,0.3855982,-0.09026773,0.12928177,-0.24832848,0.17788492,-0.076147564,-0.2287943,0.17891984,-0.052653495,0.13975891,-0.0032722247,0.3670652,0.31091934,0.29989982,-0.05477133,-0.075990334,0.15109658,-0.28270283,0.080305405,0.08362816
6,0.07707095,-0.023626264,0.2562143,-0.26287022,-0.20739399,-0.26739767,-0.034499295,0.25446433,-0.30486572,0.058288816,0.057342023,0.15353025,-0.24744433,-0.07058951,0.18951918,-0.30313492,0.057911426,-0.017711937,0.18003191,-0.006175508,-0.032594495,-0.16378433,0.029501993,0.36253303,0.14145821,0.21889679,-0.2143481,-0.0015909512,0.312915,-0.30462006,-0.13966915,0.1606538,-0.21294273,-0.18166116,0.10779437,0.31769782,-0.35491207,0.2308957,0.34285805,-0.035154033,0.40680817,0.09199272,0.2824848,-0.13859025,-0.34041926,-0.1909784,-0.21947217,-0.13888967,0.1987507,-0.007996866,0.41783264,-0.0023802875,0.2855624,0.1528863,0.29997244,0.38784465,-0.2943633,-0.519458,0.24783276,-0.21815763,0.39911744,0.15125565,-0.104327194,0.5632657
39,-0.04755953,-0.2232844,-0.08727838,-0.1415864,0.046034653,-0.2131015,-0.19306459,-0.16820836,0.12281289,-0.044316113,0.35266557,-0.0049624722,0.2226116,0.104604445,-0.088059664,0.16754898,-0.2974097,-0.051401183,-0.03885986,-0.001999507,-0.12131214,0.11358348,0.11445611,0.37113634,-0.10765363,0.26531315,-0.18822116,-0.3771269,-0.11332751,-0.16810532,-0.14741208,-0.31827232,-0.38641325,-0.5031693,0.23271762,0.29183218,-0.015303578,-0.06656184,0.5218935,0.23699532,-0.18680939,-0.09755699,-0.21156023,-0.29107904,0.30644456,-0.07594981,-0.05262845,-0.027209254,0.21046185,0.29995972,-0.07784581,0.30660954,0.11449747,-0.1204829,-0.12788096,0.6271273,0.27508765,0.047767963,0.110500135,0.41517484,-0.02334295,-0.06826024,-0.19768748,0.16005225
4,-0.13881722,-0.06381662,0.18557659,-0.0014120867,-0.19502085,-0.19459605,-0.09687941,-0.15475585,0.053701993,0.03663501,0.14473322,-0.012898963,0.30163437,0.18482143,-0.13947213,0.28742477,-0.26729208,0.13811171,-0.011006622,0.12883018,-0.105513856,0.17302153,0.32493263,0.16695356,0.09417614,0.16395742,-0.093009494,-0.33104235,-0.07814717,-0.1265518,-0.20355035,-0.13555919,-0.4723796,-0.353852,0.2517889,0.18467277,0.05595657,-0.0014845193,0.30712065,0.22819589,0.26793304,-0.0095431395,-0.036587015,-0.15712465,0.335386,0.037384626,-0.01946175,-0.23244114,0.11445938,0.077930585,-0.17832051,0.13766032,0.053157035,0.004673339,0.039550927,0.3314083,0.13696073,0.15176496,0.12892398,0.013081346,0.015738599,-0.25902024,-0.06521629,0.13833874
23,0.11362072,-0.16431877,-0.021742877,-0.16097155,0.030060394,-0.043698158,-0.32133168,0.11033866,-0.08111203,0.3390272,0.17713998,-0.22243987,0.18152775,0.11772172,0.056361407,0.12761737,-0.075181596,0.123675376,-0.09729508,0.055920828,-0.07072431,0.21433128,0.011703353,0.32780513,-0.089797765,0.34014305,-0.26935992,-0.4351876,-0.010049816,-0.041231655,-0.3624374,-0.08564215,-0.32230562,-0.41985524,0.1212955,0.12471866,0.08999458,0.17909935,0.29232126,0.058517806,0.09556835,-0.1328109,-0.021995138,-0.23706858,0.04270377,-0.1330795,-0.41109154,-0.21655528,0.16841641,0.09468014,0.24611689,-0.06495666,0.24278153,0.10645207,0.039817072,0.53903836,0.19209884,-0.2646659,-0.01257562,0.21087122,0.017554225,-0.060153786,-0.30710307,0.101970956
22,0.06132738,-0.011356546,0.09556414,-0.10377472,-0.111463234,-0.17644633,0.12704006,0.25381786,-0.36739054,-0.039370775,0.23957239,0.16426843,-0.07451205,-0.110702306,0.19629452,-0.29004386,0.069170855,0.10498133,0.24173582,-0.016333086,-0.11345194,-0.1514232,0.09285249,0.20558558,0.0821464,0.30343422,-0.05096167,0.025653776,0.13038822,-0.30231377,-0.0071641738,0.07320495,-0.18362086,-0.21812053,-0.10951108,0.31534916,-0.27455536,0.086614855,0.17145158,-0.15542653,0.34412748,0.24637687,0.016384007,-0.104694836,-0.24064851,-0.13150658,-0.2595936,-0.272287,0.20921582,0.020020716,0.57442135,0.040378276,0.17322335,0.23616935,0.2962975,0.13895492,-0.22641334,-0.511825,0.212594,-0.14382428,0.43087763,0.18041368,-0.06908147,0.5220163
17,0.068208545,-0.3071653,0.024647357,0.14158913,0.06893576,-0.31368655,0.08872916,-0.06663826,-0.508706,0.12780353,0.16293807,-0.2610862,0.19982825,-0.13587214,0.32292134,0.20231847,0.13280465,0.29557964,0.25315118,0.30865997,-0.07492979,0.53141046,-0.10571886,0.24723451,-0.02043644,0.23706411,-0.31585142,-0.07087161,-0.13414885,0.069083914,-0.16394526,-0.055537704,-0.39258128,-0.37628412,-0.09523316,0.098214485,0.34395924,0.10616196,0.3249828,-0.009048856,0.12894976,-0.0015721347,0.20444798,-0.22299936,0.30936798,0.1055078,-0.2705678,-0.23126303,0.42742962,-0.088992715,0.28182203,0.05015653,-0.104990564,0.24442682,0.21449696,0.031639207,0.022563843,0.000863327,-0.13369213,0.21135996,0.03919967,-0.32652828,-0.13675846,0.16203526
5,-0.06287561,-0.5711495,0.12328362,-0.0053710616,0.044628724,-0.38935813,-0.06920009,0.06296545,-0.15368521,0.011612218,-0.11424764,0.0011719802,0.20844056,0.01523088,-0.2872509,0.012179777,-0.16035365,0.34503916,-0.04035998,-0.22736594,0.2996471,0.3349925,0.37802246,0.5581368,0.118548386,0.30539513,-0.026304828,0.08724361,-0.047690175,-0.046109553,0.014243778,-0.090741046,-0.3004507,-0.001343544,-0.08354603,-0.008268378,0.19741862,-0.29725498,0.853271,0.32641482,0.17305884,-0.1268519,0.1395957,0.12915526,0.18676779,-0.13988711,0.28771263,0.0780337,0.32796797,-0.3607059,-0.24756992,-0.13116466,0.04659559,0.14574175,-0.16961986,0.36446473,0.2821513,-0.0066105095,-0.21082115,0.10325456,0.46231475,-0.11790218,-0.06383013,0.46537438
24,-0.08689127,-0.11972791,0.22047284,0.010458248,-0.22370942,-0.40231356,-0.05172485,-0.2642844,0.09401974,-0.14476041,0.13915189,0.031144405,0.3514579,-0.14589432,-0.23387744,0.1749124,-0.23742971,0.032937232,0.15370503,0.087458834,-0.022384675,0.42651537,0.1347148,0.21634533,0.045258056,0.23485425,-0.18347967,-0.22655147,0.053516258,-0.07786689,-0.005598465,-0.061579026,-0.49438906,-0.15453567,0.22801895,0.3265892,0.14585349,-0.029586393,0.44311973,0.32678738,0.25377128,-0.18955758,0.12780473,-0.03218397,0.13283268,-0.1856575,-0.05424118,-0.24551569,0.100140825,-0.02464355,-0.11553174,0.17377053,0.055337742,0.042441692,-0.17883061,0.3600191,0.24018367,0.0147994505,-0.16908066,-0.028240127,0.13251984,-0.28374618,-0.08483635,0.17852311
3,0.13121296,0.04790081,-0.10938304,-0.117736995,-0.091683075,-0.27926677,0.0030812705,0.28509897,-0.40057838,0.12832719,0.29900545,-0.08325976,0.11349913,-0.036377106,0.17607705,-0.23076119,0.049154658,0.21786846,0.0901689,0.087642014,-0.015028497,-0.01103211,0.10192438,0.1872457,0.056825813,0.18031134,-0.28742468,-0.046865776,-0.11591275,-0.07921961,-0.13088807,0.17796826,-0.21681821,-0.19625144,-0.23958455,0.21922857,-0.32405972,0.06782942,0.090906374,-0.00071790384,0.28482166,0.18156177,-0.022149196,-0.18034816,-0.4369147,-0.06281316,-0.4798789,-0.20299271,0.30687878,-0.062263474,0.31195182,0.12039022,0.18079059,0.1898831,0.29176173,0.18980381,-0.19255893,-0.43496126,0.11109803,-0.027037507,0.2991938,0.22262193,-0.1504167,0.47352394
13,0.040942065,-0.32137537,-0.084067985,-0.13889986,-0.18951885,-0.35830295,-0.053657345,0.20106535,-0.4804214,0.34759027,0.35256264,-0.17626098,-0.3252489,-0.104690924,-0.10065228,-0.1650763,-0.08278407,0.13283573,0.009428517,-0.118483335,0.31827578,0.117796086,0.1704549,0.35578805,0.32922477,0.23443043,0.0023759615,-0.16361083,0.10827901,-0.3195934,-0.0668544,-0.17040364,-0.0334309,-0.06293093,-0.19889158,0.50327164,-0.024717292,-0.12326107,-0.014626127,-0.10961267,0.23741016,0.018727917,-0.22769803,0.041654255,-0.29768127,0.032572456,-0.40299037,-0.27155018,0.24147242,0.033453163,0.132281,-0.01559128,0.23545371,0.30830058,0.15173796,-0.16720974,-0.53147703,-0.6550704,-0.025886158,0.18152378,0.63226223,0.19364507,0.071442336,0.57117534
26,-0.049412724,-0.37731332,-0.14226393,-0.1510251,-0.2788715,-0.20170416,-0.046248276,0.23457228,-0.49724203,0.36248642,0.5088705,-0.13518578,-0.3142262,-0.088414736,-0.16317116,-0.14563006,-0.17304036,0.17317238,-0.06438372,-0.073331915,0.2981208,0.06022076,0.28308234,0.34604922,0.34434232,0.33436456,0.20553325,-0.25228885,0.13331325,-0.24521494,-0.05902381,-0.22662152,-0.028400265,-0.06197326,-0.1532475,0.5187314,0.0029571105,-0.19588122,0.03054417,-0.25817445,0.21888362,0.12774584,-0.24739732,0.24314822,-0.23526905,-0.04482525,-0.31302062,-0.4222603,0.15030348,0.040913027,0.34268105,-0.17482887,0.30306634,0.3181388,0.05337793,-0.28050852,-0.49090207,-0.6785073,0.08525836,-0.003544639,0.67742,0.18800667,0.09566588,0.53158206
33,0.10155215,-0.18503714,0.044779565,-0.09225396,0.0014775745,-0.17032029,-0.045152526,0.30899265,-0.04462764,0.18835245,0.097827226,-0.1545563,0.038639806,0.08711352,0.1855157,-0.14631273,-0.05781613,0.27234572,-0.1903423,-0.04430103,-0.07780362,0.18279791,-0.11076088,0.2652458,-0.18813092,0.12134101,-0.11358786,-0.14958532,0.37527108,0.035554647,-0.4164921,0.053035766,-0.40930715,-0.39436704,-0.032826226,0.18543015,0.14600174,0.30363995,0.5175799,0.15423743,0.22021975,-0.07539104,0.16221073,-0.06511054,0.26399043,-0.07737941,-0.33348152,-0.2108204,0.45616385,-0.0081254225,0.13719976,-0.16554822,0.2964203,0.14987993,0.19721928,0.3644615,0.067679785,-0.039840695,-0.13055062,0.25011408,0.12275742,-0.14690468,-0.18701002,0.13839716
38,0.19252528,-0.1452886,-0.040249456,-0.11503683,-0.11247124,-0.08749962,-0.22789039,0.24271724,-0.40485153,0.25375062,-0.09231891,-0.16876829,0.1459637,0.0071420167,0.25972,0.015288687,0.011224495,0.072178654,0.08480491,-0.132691,-0.00679557,-0.05468598,0.02670985,0.4201786,-0.009230624,0.14509737,-0.1363379,-0.2791289,0.03896592,-0.039534822,-0.17379661,-0.12982368,-0.305294,-0.34828985,0.009735196,0.089201555,-0.046535604,0.14905936,0.16636667,0.06364212,0.20765342,-0.22502604,0.017725013,-0.43643892,-0.054099977,-0.007992276,-0.16410497,-0.16336834,0.21235222,0.001433669,0.5273083,0.18120085,-0.082121454,0.3823575,0.422608,0.32514834,0.14304262,-0.21212578,0.22393624,0.21272941,0.17162597,-0.003668284,-0.1726028,0.20116998
19,0.06810283,-0.5397689,0.23761983,0.24971151,0.06720424,-0.583953,-0.2180194,0.13404547,0.12169002,-0.5029696,-0.11895429,0.12404443,0.30317762,-0.22967063,-0.35997844,0.15021694,-0.09003495,0.2662494,-0.07333799,-0.09633021,0.35900968,-0.056133043,0.6729078,0.34875882,0.3641601,0.44676155,0.056679618,-0.15036154,-0.30127418,-0.47643074,0.051546406,0.006463058,0.38256216,0.13650876,-0.10051771,0.14248984,0.1176165,-0.6809327,0.24328133,-0.058976274,0.17790072,0.12765114,-0.15157582,0.11433716,-0.04043086,-0.18508746,0.10735498,-0.21092227,0.34887284,-0.23620574,0.14836267,0.061039336,-0.050544474,0.31271234,0.007076635,0.25491083,0.09507409,-0.45495823,-0.029469546,-0.2586482,0.33192286,0.1548528,0.28297317,0.5521055
37,-0.18064097,-0.3812633,0.4291685,-0.0029601872,0.0054122587,-0.19650286,0.22762282,0.42124283,-0.33574343,0.57618266,0.45061776,0.21192831,-0.08135593,-0.05747044,0.12337786,0.10447922,0.24469061,0.17655148,0.19111115,-0.21533355,0.17419906,0.54669374,-0.1347383,0.12229127,0.08690196,0.08321942,-0.04731251,0.14692487,0.438005,-0.20518792,-0.19527963,-0.036987565,-0.25306144,-0.47677517,0.015202035,0.12349309,0.6529336,0.17252527,0.43074048,0.20143874,0.30382255,-0.14896895,0.09736911,-0.2103894,0.4761566,0.34733546,-0.073697284,0.20780918,0.1495521,0.23297933,0.10405109,-0.2022775,0.046386324,0.031581998,0.11950273,0.2954119,0.24062067,-0.18463765,-0.10908901,0.4585391,0.59029615,-0.17097105,-0.18738084,0.13665573
35,-0.3958655,0.22076201,0.115369305,0.092967965,-0.82783806,-0.18389055,0.025719266,-0.42635223,-0.078874156,-0.11930497,0.09258912,0.08222417,0.3271132,-0.029722964,-0.47776067,-0.16820264,-0.22891851,-0.02717518,0.02136019,0.044723965,-0.22763257,0.5350638,0.21248974,-0.015069882,0.021937244,0.45365867,-0.34865975,-0.04338657,-0.06220378,-0.08257399,-0.010021853,-0.40675053,-0.82219297,-0.27110782,0.36984253,0.30411765,-0.07211764,0.19105521,0.67632633,0.13664514,0.19449775,-0.36297145,0.079656094,0.049337883,0.06665756,-0.2076719,-0.16759545,-0.30405238,-0.38206053,-0.36136508,0.083854534,0.5403394,-0.024809387,0.211362,-0.22224484,-0.12971282,0.27090293,0.07794764,0.073165365,-0.1960239,-0.16919293,-0.44936198,-0.5637525,-0.0056041502
20,-0.23294544,0.09078318,0.4721678,-0.1848672,-0.5249391,-0.6061832,0.059374496,-0.00917587,-0.24902362,-0.05539388,0.26977035,0.07805934,-0.20140636,0.18498479,-0.0321768,-0.113303624,-0.044937726,-0.02957395,0.0031740237,0.71173316,-0.30305722,0.1161894,0.14499284,-0.14277539,0.2845189,0.4105257,-0.10179014,0.16701117,-0.04608539,-0.23570697,0.46227863,-0.28035986,-0.60610235,0.086484775,0.123880364,0.31569028,-0.3857228,0.0899354,-0.1254316,0.4567336,0.26817942,-0.052804735,0.01889514,0.048944984,-0.4306638,-0.6398413,0.1798203,-0.3176592,-0.13080367,0.24370524,-0.05413783,0.49907526,0.1161371,0.4732136,-0.081504166,0.2968276,0.12731272,-0.40627325,-0.020295532,0.19869149,0.11158457,-0.2941637,-0.6797026,0.13858445
0,0.24843667,0.040526483,0.03413449,-0.21442284,-0.1909462,-0.28455195,-0.025799176,0.43902576,-0.08255154,0.15546061,0.22576618,-0.18891859,0.03681546,0.24309413,0.42985702,-0.26644352,-0.31554124,0.21248491,-0.41040736,-0.087129794,-0.13095905,-0.078297384,0.07157403,0.234178,-0.113826364,0.058629308,0.20592998,0.033782277,0.37973392,0.033268414,-0.40453508,-0.03141351,-0.4319234,-0.2868031,-0.2747973,0.20267557,-0.08458135,0.3549332,0.3510341,0.30774432,0.11513037,0.10830752,0.045330774,-0.017626159,0.017745998,0.10659597,-0.04441337,-0.26806146,0.5359301,0.1522522,0.008890183,0.06519707,0.23924412,0.32623172,0.338775,0.33198592,-0.026825378,0.040902488,-0.036882814,0.33920762,0.27898765,-0.123048835,-0.01984332,0.19832894
10,0.21783645,-0.39663965,-0.084582485,-0.31100005,-0.0055811126,-0.5163355,-0.22071955,0.41306418,-0.24445954,0.07176658,0.0764481,0.067186646,-0.09666683,-0.0452989,-0.32633096,-0.02084418,0.23381835,0.17872816,0.10253824,-0.39708686,0.512522,-0.1937968,0.31754825,0.18620911,0.2991864,0.038104028,-0.09927718,-0.28451177,0.17502254,-0.3582322,-0.1258417,0.068027,-0.021311475,-0.08165684,-0.10621104,0.16543046,0.030986339,-0.23528576,0.20326869,-0.0068985876,0.1824101,0.07718702,-0.21769395,-0.15712956,-0.15489814,-0.10857212,-0.45763066,-0.20617327,0.21151529,0.02960903,-0.016685527,-0.12498156,0.080528215,0.25130996,0.26498443,0.35843045,-0.19484517,-0.61633766,-0.0009220359,0.107027605,0.59585816,0.1687173,0.05620014,0.3271183
8,-0.23243414,0.15187718,0.17310058,-0.06274307,-0.7538682,-0.27417347,0.00029777916,-0.06457917,-0.07991884,0.04815232,0.15099253,-0.049272873,0.09615209,0.16135915,-0.12311698,-0.21829551,-0.29913262,0.04902986,-0.32257795,0.20646934,-0.26849174,0.26514623,0.20650214,0.10157948,0.10247065,0.32159072,0.14774913,0.052266445,0.120525666,0.012908669,0.11744072,-0.29730326,-0.7950271,-0.120564476,0.016129145,0.23142558,-0.04608775,0.26910064,0.47423747,0.4419706,0.2242249,-0.21239778,0.19771515,0.2550101,0.05656125,-0.27914652,0.0891416,-0.2460388,0.032758195,-0.13370126,-0.15063572,0.4426918,0.19664156,0.39433324,-0.21314782,0.051139165,0.22550981,0.22334783,0.056921795,0.098130085,0.13095301,-0.40112913,-0.39087647,0.098046154
31,0.28418648,-0.11866351,-0.06528157,-0.12232176,-0.1660526,-0.36757278,-0.05268115,0.40257624,-0.18347612,0.1746028,0.17854714,-0.17877117,-0.117322505,0.16426231,0.2981661,0.008434681,-0.18916073,0.16214028,-0.31339476,-0.039921448,0.0039047087,-0.07843515,0.18279673,0.27185938,0.18793818,0.06297795,0.23797533,-0.18288343,0.19680268,-0.24024133,-0.27026007,-0.13822049,-0.105898716,-0.34579402,-0.30213362,0.4344202,-0.14517757,0.0149667105,0.024266219,0.13853393,0.04126843,0.120227896,-0.16458319,-0.08978256,-0.08844967,0.17652641,-0.26331657,-0.3186605,0.54100484,0.29773867,0.056300882,0.19712393,0.22846688,0.3553975,0.3167888,0.18423852,-0.34551185,-0.22810218,0.061260026,0.36854932,0.31512195,0.08054038,0.13730893,0.41159934
2,-0.16393012,0.07900727,-0.05645254,-0.20473622,-0.59332234,-0.47213364,-0.0055741225,0.011715745,-0.38628247,0.19687892,0.13487452,-0.032815475,-0.043065824,0.1112069,-0.121465005,-0.07396094,-0.012325512,0.12789166,-0.11744776,0.32495213,-0.14210017,0.27465397,0.1854855,0.006671697,0.37883475,0.26599735,0.11423205,-0.090176776,-0.07180218,-0.17464364,0.3094736,-0.3601265,-0.6607694,0.056956578,-0.19109271,0.50071305,-0.23549752,0.1208103,0.05791905,0.40394652,0.29509634,-0.15137523,0.030607583,0.21034725,-0.42997128,-0.39155906,-0.15113321,-0.41738942,0.025219997,-0.022817383,-0.20025799,0.49326804,0.37445357,0.55045384,-0.12209677,0.019150997,-0.12451236,-0.13647465,-0.119320855,0.24796183,0.26197764,-0.2127039,-0.43308875,0.20688146
16,0.3748609,0.06955064,0.13670343,0.015900912,-0.4417536,-0.6165651,0.18782789,0.08073883,-0.14836621,0.013234137,0.01757611,0.034606528,0.09365477,0.13879663,0.08203852,-0.089198984,-0.105484515,0.12841216,-0.27903554,-0.252672,-0.038163975,0.42546293,0.17611864,-0.15434758,0.14856014,0.09144191,0.18169947,0.284028,0.45641327,-0.29825115,-0.16628891,-0.32223856,-0.25776175,-0.13445538,-0.20795365,0.1928502,-0.3046583,-0.15788254,0.43020907,0.5365388,-0.07815222,-0.2420772,-0.13792264,0.14442469,-0.3534559,0.098505065,-0.25721437,-0.5577467,0.07631162,0.15684628,-0.03121586,0.40259218,0.09641785,0.33573437,-0.041034017,0.055780903,-0.0007111924,-0.4255529,-0.18354298,0.25753465,0.44002065,-0.5585237,-0.07166027,0.270688
27,0.33378115,-0.2651915,0.116904594,0.020213839,0.15259841,-0.6833175,0.13035592,0.30881992,-0.072768815,-0.19093989,0.2558573,0.19334169,0.24540581,-0.2041553,0.070178606,0.02045197,0.16370222,0.24189654,-0.005261485,-0.32190517,0.28499416,0.09023787,0.25567567,0.15677033,0.21075362,0.05867454,0.11400699,0.07082271,0.31562114,-0.37612793,-0.25005072,0.05781533,0.26526242,-0.15482824,-0.29416433,0.02462567,0.06340426,-0.41509378,0.28826782,0.18885466,0.07694365,0.088472314,-0.22086014,-0.030786676,-0.013939525,0.19343439,-0.32227534,-0.23990431,0.50858045,0.14517602,0.14744058,0.10632702,0.06836319,0.11379023,0.10798545,0.35655406,0.09079367,-0.43052697,-0.07096543,0.16327061,0.569914,-0.06780181,0.29953772,0.33436513
9,-0.09522242,0.17991927,0.03837998,-0.10994558,-0.6263777,-0.26065332,0.12273269,-0.047988582,-0.1782174,0.14831328,0.13607056,-0.05643153,0.100677915,0.18945822,-0.099563174,-0.31450313,-0.36241508,0.14994739,-0.3190096,-0.021650309,-0.15935549,0.3504202,0.10414221,0.024372604,0.0047783954,0.13264693,0.14214936,0.11298328,0.24822725,0.04668428,-0.021907877,-0.3864386,-0.7772301,-0.08678348,-0.10535042,0.3519913,-0.25525013,0.20168538,0.43886688,0.56198347,0.2599441,-0.25656062,-0.009135863,0.18472096,-0.13571486,-0.1373612,-0.020401396,-0.37508008,0.045849018,-0.1770914,-0.18617968,0.39086577,0.24101134,0.34037748,-0.081943646,-0.116363615,0.032261144,0.13409783,-0.09975341,0.25888056,0.23896769,-0.39224437,-0.33958927,0.16331601
